{
	"Name" : "Fifty.ServerVote [FSV]",
	"Description" : "Part of FSU [ Fifty Server Utilities ]\nImplements voting functionality\n\nDependencies:\n  - Northstar\n  - Fifty.ServerUtilities\n  - Fifty.ServerChatCommands",
	"Version": "2.4.0",
	"LoadPriority": 2,
	"Dependencies": {
		"FSCC_ENABLED": "Fifty.ServerChatCommands [FSCC]",
		"FSU_ENABLED": "Fifty.ServerUtilities [FSU]"
	},
	"ConVars": [
		{
			"Name": "FSV_ENABLE_RUI",
			"DefaultValue": "1",
			"HelpString": "Enables/Disables displaying notifications and statuses of votes in progress using RUI."
		},
		{
			"Name": "FSV_ENABLE_CHATUI",
			"DefaultValue": "1",
			"HelpString": "Enables/Disables displaying notifications and statuses of votes in progress using chat messages."
		},
		{
			"Name": "FSV_ENABLE_MAP_VOTING",
			"DefaultValue": "1",
			"HelpString": "Enables/Disables the !nextmap command."
		},
		{
			"Name": "FSV_ENABLE_MAP_SKIPPING",
			"DefaultValue": "1",
			"HelpString": "Enables/Disables the !skip command."
		},
		{
			"Name": "FSV_MAP_SKIP_PERCENTAGE",
			"DefaultValue": "1",
			"HelpString": "Percentage of players needed for a vote to skip a map to succeed."
		},
		{
			"Name": "FSV_MAP_SKIP_DURATION",
			"DefaultValue": "120",
			"HelpString": "The duration of skip votes in seconds."
		},
		{
			"Name": "FSV_ENABLE_MAP_EXTENDING",
			"DefaultValue": "1",
			"HelpString": "Enables/Disables the !extend command."
		},
		{
			"Name": "FSV_MAP_EXTENDING_PERCENTAGE",
			"DefaultValue": "0.5",
			"HelpString": "Percentage of players needed for a vote to extend map time to succeed."
		},
		{
			"Name": "FSV_MAP_EXTENDING_DURATION",
			"DefaultValue": "120",
			"HelpString": "The duration of extend votes in seconds."
		},
		{
			"Name": "FSV_ENABLE_KICK_VOTING",
			"DefaultValue": "1",
			"HelpString": "Enables/Disables the !kick command. Remains enabled for admins."
		},
		{
			"Name": "FSV_KICK_MIN_PLAYERS",
			"DefaultValue": "4",
			"HelpString": "Number of players that have to be on before kick voting someone is possible."
		},
		{
			"Name": "FSV_KICK_PERCENTAGE",
			"DefaultValue": "0.3",
			"HelpString": "Percentage of players needed for a vote kick to succeed."
		},
		{
			"Name": "FSV_KICK_BLOCK",
			"DefaultValue": "3",
			"HelpString": "Number of matches a kicked player is blocked from re-joining. Setting this to zero would allow immediate re-join."
		},
		{
			"Name": "FSV_KICK_DURATION",
			"DefaultValue": "240",
			"HelpString": "The duration of kick votes in seconds."
		},
		{
			"Name": "FSV_MAP_REPLAY_LIMIT",
			"DefaultValue": "3",
			"HelpString": "How many before the same map can be played again. Set to one to only prevent current map from playing again"
		},
		{
			"Name": "FSV_CUSTOM_MAP_ROTATION",
			"DefaultValue": "1",
			"HelpString": "Whether to use FSV_MAP_ROTATION for a custom map rotation."
		},
		{
			"Name": "FSV_RANDOM_MAP_ROTATION",
			"DefaultValue": "1",
			"HelpString": "Whether to randomise the playlist, or to rotate through it in order."
		},
		{
			"Name": "FSV_MAP_ROTATION",
			"DefaultValue": "angelcity,black_water canal,Boomtown,mp_colony02,mp_drydock,mp_eden,exoplanet,kodai,mp_glitch,mp_relic02,wargame",
			"HelpString": "A list of maps in the map rotation which can also be voted for. You can write the map IDs, names, or partial names. Separated by commas. ( run 'maps *' in the console to check maps loaded )"
		},
		{
			"Name": "FSV_MAP_VOTE_ONLY",
			"DefaultValue": "mp_crashsite3,mp_complex3,mp_homestead,mp_rise",
			"HelpString": "A list of maps which arent in the map rotation, but can be voted for. You can write the map IDs, names, or partial names. Separated by commas."
		}
	],
	"Scripts": [
		{
			"Path": "fsv_command_callbacks.nut",
			"RunOn": "SERVER && MP"
		},
		{
			"Path": "fsv_core.nut",
			"RunOn": "SERVER && MP",
			"ServerCallback": {
				"After": "FSV_Init"
			}
		},
		{
			"Path": "fsv_localization.nut",
			"RunOn": "SERVER && MP",
			"ServerCallback": {
				"After": "FSV_Localization_Init"
			}
		}
	]
}
